<?xml version="1.0" encoding="UTF-8"?>
<jedupdate version="1">
	<core_body>
	Pagamastarde Virtuemart extension
	</core_body>

	<!-- valid links only or leave blank -->
	<homepage_link>https://www.pagamastarde.com/</homepage_link>
	<download_link>https://github.com/pagantis/pagamastarde-virtuemart/releases/download/1.0.0/pagamastarde-virtuemart-1.0.0.zip</download_link>
	<demo_link>http://demoshop.pagamastarde.com/virtuemart</demo_link>
	<documentation_link>https://github.com/pagantis/pagamastarde-virtuemart/releases/download/1.0.0/Guide.pdf</documentation_link>
	<support_link>https://www.pagamastarde.com/</support_link>
	<license_link>http://www.gnu.org/licenses/gpl-3.0.en.html</license_link>

	<version>1.0.0</version>

	<compatibility>
		<version>25</version>
		<version>30</version>
	</compatibility>
</jedupdate>
